{"cameraMode":{"drawMode":0,"name":"Shaded","section":"Shading Mode"},"sceneLighting":false,"audioPlay":false,"sceneViewState":{"showFog":false,"showMaterialUpdate":false,"showSkybox":false,"showFlares":false,"showImageEffects":false,"showParticleSystems":false},"in2DMode":false,"pivot":{"x":1.1920928955078126e-7,"y":1.989671230316162,"z":0.017935335636138917},"rotation":{"x":-0.19740048050880433,"y":0.3530525863170624,"z":-0.0764729455113411,"w":-0.9113390445709229},"size":2.4176254272460939,"orthographic":false}