{"cameraMode":{"drawMode":0,"name":"Shaded","section":"Shading Mode"},"sceneLighting":false,"audioPlay":false,"sceneViewState":{"showFog":false,"showMaterialUpdate":false,"showSkybox":false,"showFlares":false,"showImageEffects":false,"showParticleSystems":false},"in2DMode":false,"pivot":{"x":0.1510351300239563,"y":0.9240989089012146,"z":0.02565624564886093},"rotation":{"x":-0.19740048050880433,"y":0.3530525863170624,"z":-0.0764729455113411,"w":-0.9113390445709229},"size":1.5653455257415772,"orthographic":false}